id,user_name,user_email,title,body,category,priority
TKT-0001,Marco Rossi,marco.rossi@email.it,Errore 500 nel login,"Ciao Supporto, l'applicazione va in crash continuo restituendo un errore 500 bloccante ogni volta che provo ad accedere al pannello di controllo. Ho provato sia da mobile che da desktop ma non cambia nulla. Lay soon message show know main. Saluti.",Tecnico,Alta
TKT-0002,Laura Bianchi,laura.bianchi@email.it,Richiesta copia fattura,"Buongiorno, mi servirebbe cortesemente la copia della fattura di marzo relativa al servizio cloud aziendale perché il nostro reparto contabilità non la trova nel sistema. Non abbiamo fretta, rispondetemi quando possibile. Grazie.",Amministrazione,Bassa
TKT-0003,Andrea Ferrari,andrea.ferrari@email.it,Preventivo nuovo piano,"Salve, vorrei ricevere un preventivo formale valido fino a fine mese per l'estensione delle licenze e valutare lo sblocco di nuove funzionalità commerciali per la nostra nuova filiale. Resto in attesa. Speech wall six hour book.",Commerciale,Bassa
TKT-0004,Sara Russo,sara.russo@email.it,Database lento in produzione,"Ciao supporto, il database oggi risulta estremamente lento e causa timeout continui in fase di caricamento dei dati, bloccando di fatto il lavoro del team di sviluppo. Potete ottimizzare le risorse o riavviare la macchina?",Tecnico,Media
TKT-0005,Alessandro Conte,alessandro.conte@email.it,Fattura con importo errato,"Spettabile assistenza, la fattura ricevuta ieri presenta un errore evidente nel calcolo dell'aliquota IVA e nel totale dovuto. Vi chiedo di rettificare il documento o emettere una nota di credito di storno.",Amministrazione,Media
TKT-0006,Elena Gallo,elena.gallo@email.it,Sconto per rinnovo contratto,"Ciao, vorrei sapere se è previsto uno sconto commerciale o una proposta di partnership sul rinnovo del nostro abbonamento Enterprise annuale in vista della scadenza del contratto attuale. Grazie.",Commerciale,Bassa
TKT-0007,Matteo Costa,matteo.costa@email.it,Crash dell'applicazione mobile,"Spettabile Supporto, l'applicazione aziendale va in crash sistematico subito dopo l'avvio e non permette l'inserimento dei permessi di accesso. È un bug bloccante che impedisce l'operatività. Risolvere con urgenza.",Tecnico,Alta
TKT-0008,Giulia Fontana,giulia.fontana@email.it,Verifica pagamento bonifico,"Buongiorno, potete verificare se il pagamento del mio bonifico bancario è andato a buon fine? Vi ho allegato la distinta di bonifico del trimestre in corso per vostra documentazione interna. Cordiali saluti.",Amministrazione,Bassa
TKT-0009,Davide Ricci,davide.ricci@email.it,Disdetta abbonamento mensile,Richiedo la disdetta immediata del mio piano di abbonamento. Vorrei sapere se è prevista una penale di recesso anticipato o se posso sospendere il servizio direttamente dal pannello. Attendo vostro riscontro.,Commerciale,Media
TKT-0010,Chiara Bruno,chiara.bruno@email.it,Server offline improvvisamente,ATTENZIONE: il server principale risulta offline da oltre dieci minuti. Tutti i servizi cloud sono irraggiungibili e l'errore è totalmente bloccante per la produzione. Richiesto intervento immediato di ripristino.,Tecnico,Alta
TKT-0011,Giorgio Marino,giorgio.marino@email.it,Mancato riscontro estratto conto,"Salve, riscontro un mancato invio dell'estratto conto relativo all'ultimo mese. Sollecito l'invio del documento fiscale da inoltrare al commercialista per la chiusura dei conti. Grazie del supporto.",Amministrazione,Media
TKT-0012,Francesca Moretti,francesca.moretti@email.it,Informazioni listino prezzi,"Gentile reparto vendite, potete inviarmi il listino prezzi aggiornato per il pacchetto Enterprise? Avremmo bisogno dell'opzione multilicenza per valutare l'attivazione di un nuovo account di test. Cordiali saluti.",Commerciale,Bassa
TKT-0013,Simone Esposito,simone.esposito@email.it,Bug nel caricamento file,"Ciao, segnalo che c'è un bug sistematico nell'ambiente di staging che impedisce il caricamento corretto degli allegati e dei giustificativi. Il sistema restituisce un errore di rete generico. Lay soon message.",Tecnico,Media
TKT-0014,Silvia Rizzo,silvia.rizzo@email.it,Sollecito rimborso nota spese,"Spettabile Amministrazione, invio un sollecito urgente per il rimborso della nota spese arretrata del mese scorso, contrassegnata come approvata ma non ancora accreditata. Manca la firma digitale del responsabile?",Amministrazione,Alta
TKT-0015,Antonio Barbieri,antonio.barbieri@email.it,Attivazione account demo,"Salve Supporto, vorrei attivare un account demo per testare la vostra piattaforma commerciale con un potenziale cliente prima di sottoscrivere il piano di abbonamento definitivo. Quali sono le condizioni contrattuali?",Commerciale,Bassa
TKT-0016,Roberta Lombardi,roberta.lombardi@email.it,Certificato SSL scaduto,Urgente: il certificato SSL del portale web è scaduto questa notte e ora tutti i browser bloccano l'accesso agli utenti segnalando il sito come non sicuro. È necessario aggiornare e configurare il certificato subito.,Tecnico,Alta
TKT-0017,Michele Greco,michele.greco@email.it,Storno nota di credito errata,"Buongiorno, è presente un errore di duplicazione interna nella nota di credito numero 45. Richiedo lo storno immediato e la rettifica dei dati contabili per l'estratto conto. Resto in attesa di riscontro.",Amministrazione,Media
TKT-0018,Anna Serra,anna.serra@email.it,Modifica condizioni contrattuali,"Ciao Team, vi contatto per conto del nostro reparto acquisti perché vorremmo negoziare una modifica alle attuali condizioni contrattuali e richiedere l'estensione del canone con fatturazione annuale anticipata.",Commerciale,Bassa
TKT-0019,Fabio Cattaneo,fabio.cattaneo@email.it,Problema permessi di accesso,"Salve, i miei attuali permessi di accesso non mi consentono di monitorare il backup notturno né di accedere alle macchine. Potete verificare se c'è un errore di configurazione sul mio profilo utente?",Tecnico,Media
TKT-0020,Valentina Villa,valentina.villa@email.it,Distinta di bonifico mancante,"Ciao, non riesco a trovare la distinta di bonifico relativa al pagamento della fattura di aprile. Potete controllare nei vostri archivi se il giustificativo di spesa è stato registrato correttamente?",Amministrazione,Bassa
TKT-0021,Luca Pozzi,luca.pozzi@email.it,Trattativa proposta partnership,"Spettabile direzione commerciale, vi scrivo per valutare insieme una proposta di partnership commerciale volta a estendere i vostri servizi sul mercato estero. Potete assegnare un agente per una call?",Commerciale,Bassa
TKT-0022,Enrico Riva,enrico.riva@email.it,Rilevato leak di memoria,"Team, il monitoraggio automatico segnala un leak di memoria bloccante sulla macchina di produzione. Le risorse sono sature e il server rischia di andare offline se non isoliamo il processo. Aiuto!",Tecnico,Alta
TKT-0023,Stefania Beretta,stefania.beretta@email.it,Rettifica dati intestazione fattura,"Buongiorno, la fattura ricevuta questa mattina presenta un errore nell'intestazione della ragione sociale della nostra azienda. Potete cortesemente rettificare il documento e reinviarlo? Grazie.",Amministrazione,Media
TKT-0024,Roberto Farina,roberto.farina@email.it,Richiesta licenza aggiuntiva,"Salve, ho bisogno di acquistare una licenza aggiuntiva per un nuovo collaboratore della nostra filiale. Potete sbloccare l'opzione direttamente sul nostro piano di abbonamento esistente? Saluti.",Commerciale,Bassa
TKT-0025,Paolo Donati,paolo.donati@email.it,Ripristino backup notturno,"Ciao Supporto, chiedo il ripristino del backup notturno sull'ambiente di staging. A causa di un errore umano abbiamo sovrascritto una tabella del database e ora riscontriamo un bug bloccante nel caricamento.",Tecnico,Media
TKT-0026,Ester de Luca,ester.deluca@email.it,Giustificativo di spesa rifiutato,"Buongiorno, il sistema mi ha rifiutato il giustificativo di spesa inserito nella nota spese del mese scorso, segnalando un errore generico. Potete assistere la contabilità nella verifica del file?",Amministrazione,Media
TKT-0027,Claudio Palumbo,claudio.palumbo@email.it,Penale di recesso anticipato,"Spettabili, vorrei sapere se è prevista una penale in caso di recesso anticipato o di disdetta del pacchetto Enterprise prima della scadenza naturale del contratto. Mandatemi i dettagli via email.",Commerciale,Media
TKT-0028,Annamaria Caruso,annamaria.caruso@email.it,Picco di traffico anomalo,"Attenzione, i log mostrano un picco di traffico anomalo e bloccante sul server web. Molti utenti riscontrano un errore 500 e l'applicazione risulta lentissima. È necessario isolare gli IP sospetti.",Tecnico,Alta
TKT-0029,Luigi Martini,luigi.martini@email.it,Approvazione pagamento bloccata,"Buongiorno, il sistema restituisce un errore di autorizzazione durante la fase di approvazione del pagamento della fattura. Chiedo di sospendere temporaneamente il sollecito fino alla risoluzione del bug.",Amministrazione,Alta
TKT-0030,Nicola Ferri,nicola.ferri@email.it,Sblocco nuove funzionalità commerciali,"Salve, abbiamo provveduto a saldare la fattura per il passaggio al livello Enterprise, ma serve lo sblocco manuale delle funzionalità commerciali. Potete verificare la distinta di bonifico? Grazie.",Commerciale,Media
TKT-0031,Stefano Gatti,stefano.gatti@email.it,Riavvio server richiesto,"Ciao, chiedo il riavvio del server di test per poter applicare le nuove regole di configurazione e testare i permessi di accesso aggiornati stamattina. Il database al momento risponde in modo lento.",Tecnico,Media
TKT-0032,Cristina Rinaldi,cristina.rinaldi@email.it,Fattura non pervenuta,"Buongiorno, non ho ancora ricevuto la fattura elettronica relativa al servizio cloud per il trimestre in corso. Potete controllare se l'invio al sistema di interscambio ha dato qualche errore?",Amministrazione,Bassa
TKT-0033,Filippo Amato,filippo.amato@email.it,Estensione piano abbonamento,"Salve, vorremmo richiedere l'estensione del nostro piano di abbonamento per includere nuovi account demo per la forza vendita operante sul mercato estero. Potete inviarci una proposta commerciale?",Commerciale,Bassa
TKT-0034,Tommaso Pagano,tommaso.pagano@email.it,Monitoraggio risorse attive,"Ciao ragazzi, sarebbe opportuno configurare il monitoraggio proattivo delle risorse per evitare che un picco di traffico anomalo saturi la memoria della macchina di produzione, come successo ieri.",Tecnico,Bassa
TKT-0035,Federica Sala,federica.sala@email.it,Nota spese da inoltrare,"Gentile amministrazione, ho dimenticato di inoltrare la nota spese del mese scorso entro la scadenza prevista. Posso inviare adesso il giustificativo di spesa via email al commercialista? Grazie.",Amministrazione,Bassa
TKT-0036,Gianluca Grasso,gianluca.grasso@email.it,Listino prezzi aggiornato,"Buongiorno, chiedo l'invio del listino prezzi aggiornato per valutare l'acquisto di licenze aggiuntive in vista dell'apertura della nuova filiale a Milano. Potete applicare uno sconto commerciale?",Commerciale,Bassa
TKT-0037,Edoardo d'Angelo,edoardo.dangelo@email.it,Crash dell'app al login,"Hi Support, rilevato un crash improvviso dell'applicazione mobile subito dopo la fase di login. Tutti gli utenti Android rimangono bloccati con una schermata bianca. Errore bloccante, serve aiuto.",Tecnico,Alta
TKT-0038,Ilaria Lombardi,ilaria.lombardi@email.it,Rendicontazione estratto conto,"Salve, avrei bisogno di assistenza contabile per riconciliare l'estratto conto bancario con una distinta di bonifico che risulta registrata con un importo errato nei vostri sistemi. Chi posso contattare?",Amministrazione,Bassa
TKT-0039,Emanuele de Rosa,emanuele.derosa@email.it,Dati nuovo lead commerciali,"Ciao Team, ho provato a inserire i dati del nuovo lead nel CRM ma la scheda clienti restituisce un errore sistematico al momento del salvataggio. Potete verificare se è un bug del database?",Commerciale,Media
TKT-0040,Valeria Giuliani,valeria.giuliani@email.it,Isolamento problema rete,Segnalazione: dobbiamo isolare la causa del database lento sull'ambiente di staging. Le query ci mettono oltre 10 secondi a rispondere dopo l'ultimo aggiornamento software. Lay soon message.,Tecnico,Media
TKT-0041,Domenico Ricci,domenico.ricci@email.it,Sollecito di pagamento ricevuto,"Spettabile assistenza, ho ricevuto un sollecito di pagamento automatico per una fattura del servizio cloud che in realtà abbiamo già saldato. Vi allego la distinta di bonifico per rettificare l'errore.",Amministrazione,Alta
TKT-0042,Beatrice Moretti,beatrice.moretti@email.it,Proposta commerciale Enterprise,"Buongiorno, chiedo l'invio di una proposta commerciale dedicata per l'attivazione del pacchetto Enterprise con opzione multilicenza. Ci servirebbe una quotazione valida fino a fine mese.",Commerciale,Bassa
TKT-0043,Salvatore Romano,salvatore.romano@email.it,Test ambiente staging bloccato,"Ciao, è impossibile procedere con i test delle nuove funzionalità sull'ambiente di staging a causa di un bug bloccante che genera un errore 500 continuo. Qualcuno può monitorare i log del server?",Tecnico,Alta
TKT-0044,Manuela Marini,manuela.marini@email.it,Giustificativo mancante firma,"Salve, la mia nota spese risulta respinta dal sistema perché il giustificativo di spesa allegato è mancante della firma digitale del responsabile. Come posso procedere alla rettifica dell'invio?",Amministrazione,Media
TKT-0045,Pasquale Barbieri,pasquale.barbieri@email.it,Negoziate condizioni contrattuali,"Gentile reparto vendite, vorremmo negoziare le condizioni contrattuali del nostro piano di abbonamento prima della scadenza annuale. C'è la possibilità di azzerare la penale di recesso? Saluti.",Commerciale,Bassa
TKT-0046,Vincenzo Serra,vincenzo.serra@email.it,Ottimizzazione query lente,Segnalo che il database di produzione è estremamente lento da questa mattina. È necessaria un'ottimizzazione degli indici per evitare che il picco di traffico rallenti l'intera applicazione web.,Tecnico,Media
TKT-0047,Carmela Coppola,carmela.coppola@email.it,Distinta bonifico errata,"Buongiorno, temo di aver caricato nel portale una distinta di bonifico associata a un importo errato per errore di distrazione. Potete eliminare il file per permettermi di ricaricare quello corretto?",Amministrazione,Media
TKT-0048,Fabrizio Colombo,fabrizio.colombo@email.it,Sblocco account commerciale,"URGENTE: Il nostro account commerciale risulta sospeso per motivi amministrativi, ma abbiamo già effettuato il pagamento. Chiedo lo sblocco immediato delle licenze per non bloccare i venditori.",Commerciale,Alta
TKT-0049,Luigi Parisi,luigi.parisi@email.it,Errore 500 nel deploy,"Ciao Supporto, subito dopo il deploy di stamattina sulla macchina di produzione gli utenti riscontrano un errore 500 persistente. La situazione è bloccante, sospettiamo un problema di permessi di accesso.",Tecnico,Alta
TKT-0050,Anna de Luca,anna.deluca@email.it,Rimborso duplicato interno,"Salve, richiedo il rimborso per un pagamento inviato due volte a causa di un errore di duplicazione interna nell'estratto conto. Potete emettere la relativa nota di credito? Resto in attesa.",Amministrazione,Media
TKT-0051,Pietro Bruno,pietro.bruno@email.it,Valutare opzione multilicenza,"Buongiorno, siamo un vostro potenziale cliente e vorremmo valutare l'opzione multilicenza per il mercato estero. Potete inviarci una proposta commerciale dettagliata con il listino prezzi? Grazie.",Commerciale,Bassa
TKT-0052,Roberto Fiore,roberto.fiore@email.it,Leak memoria in produzione,ATTENZIONE: rilevato leak di memoria critico sulla macchina di produzione dopo l'ultimo aggiornamento. L'app è rallentata e rischia il crash totale. Bisogna isolare il processo immediatamente.,Tecnico,Alta
TKT-0053,Lucia Ragusa,lucia.ragusa@email.it,Nota di credito mancante,"Ciao, non trovo nel portale la nota di credito relativa allo storno concordato la settimana scorsa per la fattura errata del servizio cloud. Potete verificare lo stato dell'invio? Saluti.",Amministrazione,Bassa
TKT-0054,Giacomo Greco,giacomo.greco@email.it,Recesso abbonamento annuale,"Buongiorno, chiedo informazioni sulla procedura e sulle eventuali penali di recesso anticipato per disdire il nostro piano di abbonamento commerciale. La scadenza del pacchetto è a fine mese.",Commerciale,Media
TKT-0055,Enrico Messina,enrico.messina@email.it,Certificato SSL scaduto oggi,Urgente: il sito web è offline perché il certificato SSL è scaduto oggi e i browser bloccano l'accesso sicuro. Chiedo di configurare e ripristinare il certificato il prima possibile.,Tecnico,Alta
TKT-0056,Francesca Vitale,francesca.vitale@email.it,Contabilizzare pagamento estero,"Salve, il nostro commercialista ha bisogno di contabilizzare un bonifico estero relativo a una nota spese che non risulta ancora pervenuta nei nostri sistemi di rendicontazione. Potete verificare?",Amministrazione,Bassa
TKT-0057,Alberto Leone,alberto.leone@email.it,Richiesta preventivo filiale,"Gentili colleghi, avrei bisogno di una proposta commerciale e di un preventivo valido fino a fine mese per l'attivazione di nuove licenze destinate alla nostra nuova filiale. Cordiali saluti.",Commerciale,Bassa
TKT-0058,Massimo Belmonte,massimo.belmonte@email.it,Crash dell'app su desktop,Segnalazione: molti utenti riscontrano il crash dell'app sia da mobile che da desktop subito dopo aver effettuato il login. Il problema è emerso dopo il deploy di stamattina. Errore bloccante.,Tecnico,Alta
TKT-0059,Marta Longo,marta.longo@email.it,Rettificare estratto conto,"Buongiorno, si rende necessario rettificare l'estratto conto del trimestre in corso a causa di una nota spese registrata due volte per errore. Restiamo in attesa del vostro riscontro contabile.",Amministrazione,Media
TKT-0060,Giovanni Galli,giovanni.galli@email.it,Attivare piano Enterprise,"Ciao, chiedo di attivare urgentemente il piano di abbonamento Enterprise concordato ieri con il vostro agente, in quanto abbiamo la necessità di sbloccare le licenze per un nuovo lead importante.",Commerciale,Media
TKT-0061,Paolo d'Amico,paolo.damico@email.it,Database lento al login,"Ciao Supporto, il database lento causa timeout sistematici durante la fase di login degli utenti sulla macchina di produzione. Potete monitorare i log e verificare se c'è un picco di traffico anomalo?",Tecnico,Media
TKT-0062,Stefania Conti,stefania.conti@email.it,Fattura mancante firma digitale,"Salve, il nostro commercialista fa presente che la fattura del mese scorso risulta mancante della firma digitale valida per l'archiviazione a norma di legge. Potete inviarmi il file corretto?",Amministrazione,Media
TKT-0063,Claudio De Angelis,claudio.deangelis@email.it,Proposta partnership commerciale,"Spettabile ufficio commerciale, siamo pronti a valutare una proposta di partnership commerciale per distribuire i vostri servizi sul mercato estero. Potete inviarci il listino prezzi aggiornato?",Commerciale,Bassa
TKT-0064,Daniele Marchetti,daniele.marchetti@email.it,Bug bloccante nel carrello,URGENTE: Gli utenti riscontrano un bug bloccante nel carrello durante la fase di pagamento elettronico. Il sistema genera un errore 500 e impedisce di completare gli acquisti sul sito.,Tecnico,Alta
TKT-0065,Silvia Piras,silvia.piras@email.it,Archiviare giustificativo spesa,"Ciao, ho bisogno di assistenza amministrativa per archiviare correttamente i giustificativi di spesa delle trasferte nell'estratto conto del trimestre in corso. Qual è la procedura esatta?",Amministrazione,Bassa
TKT-0066,Fabio Pellegrini,fabio.pellegrini@email.it,Sconto commerciale pacchetto,"Buongiorno, richiedo l'applicazione dello sconto commerciale promesso in fase di preventivo per il rinnovo del pacchetto di licenze della nostra filiale. Attendo la proposta aggiornata.",Commerciale,Bassa
TKT-0067,Antonia Russo,antonia.russo@email.it,Server offline bloccante,"SOS: Tutto l'ambiente di staging risulta offline a causa di un guasto hardware improvviso. Impossibile testare il software prima del deploy. La situazione è bloccante, serve aiuto immediato.",Tecnico,Alta
TKT-0068,Luisa Esposito,luisa.esposito@email.it,Stornare fattura errata,"Gentile assistenza, dobbiamo stornare la fattura del mese scorso perché l'importo calcolato è errato a causa di una duplicazione interna dei servizi. Potete emettere nota di credito? Grazie.",Amministrazione,Media
TKT-0069,Andrea Palumbo,andrea.palumbo@email.it,Modificare piano abbonamento,"Salve, desidero modificare il nostro piano di abbonamento corrente per inserire delle licenze aggiuntive destinate al team commerciale della nuova filiale. Potete inviarmi i costi aggiornati?",Commerciale,Bassa
TKT-0070,Giorgia Ferraro,giorgia.ferraro@email.it,Permessi accesso negati,"Ciao, riscontro un errore di sistema in quanto i miei permessi di accesso risultano negati dopo l'ultimo aggiornamento sulla macchina di produzione. Non riesco più a monitorare il database.",Tecnico,Media
TKT-0071,Michele Ferrara,michele.ferrara@email.it,Sollecito di pagamento fattura,"Buongiorno, abbiamo ricevuto un sollecito di pagamento per una fattura cloud, ma la distinta di bonifico è stata inviata la settimana scorsa. Potete verificare la contabilizzazione del pagamento?",Amministrazione,Alta
TKT-0072,Roberta Santoro,roberta.santoro@email.it,Disdire licenza aggiuntiva,"Salve, vorrei disdire una licenza aggiuntiva prima del rinnovo automatico del piano di abbonamento mensile. Ci sono penali di recesso se l'operazione viene fatta entro fine mese?",Commerciale,Media
TKT-0073,Vito Lorusso,vito.lorusso@email.it,Picco traffico anomalo server,Segnalazione tecnica: il server è lentissimo a causa di un picco di traffico anomalo non filtrato. Sospettiamo un attacco o un bug bloccante nei log delle connessioni di rete. Isolare la macchina.,Tecnico,Alta
TKT-0074,Paola Romano,paola.romano@email.it,Rimborso nota spese errata,"Gentile reparto contabilità, il rimborso della mia nota spese contiene un errore di calcolo sulla distinta. Risulta accreditato un importo errato rispetto ai giustificativi di spesa inviati.",Amministrazione,Media
TKT-0075,Carlo Costantini,carlo.costantini@email.it,Estendere account demo gratis,"Buongiorno, chiedo di estendere il periodo di validità dell'account demo gratuito per un potenziale cliente con cui siamo in trattativa contrattuale per il pacchetto Enterprise. Grazie.",Commerciale,Bassa
TKT-0076,Giuseppe Riva,giuseppe.riva@email.it,Backup notturno fallito,"Ciao Supporto, i log segnalano che il backup notturno della macchina di produzione ha generato un errore di scrittura sul disco ed è fallito. Potete riavviare il processo e monitorare lo stato?",Tecnico,Media
TKT-0077,Simonetta De Luca,simonetta.deluca@email.it,Verificare estratto conto aziendale,"Salve, dobbiamo verificare l'estratto conto aziendale relativo al trimestre in corso per inviare i dati corretti da inoltrare al commercialista. Risultano alcune discrepanze sulle note spese.",Amministrazione,Bassa
TKT-0078,Federico Gentile,federico.gentile@email.it,Penale recesso anticipato contratti,"Buongiorno, la penale di recesso anticipato inserita nella bozza delle condizioni contrattuali del piano Enterprise non corrisponde a quanto negoziato a voce. Chiedo di modificare la clausola.",Commerciale,Media
TKT-0079,Renato Bruno,renato.bruno@email.it,Riavviare macchina produzione,"Ciao, si rende necessario riavviare la macchina di produzione subito dopo l'intervento di ottimizzazione del database lento programmato per questa sera. Fornitemi i permessi di accesso necessari.",Tecnico,Media
TKT-0080,Teresa Fiore,teresa.fiore@email.it,Inviare distinta bonifico oggi,"Spettabile assistenza, si prega di inviare la distinta di bonifico aggiornata all'amministrazione per sbloccare i servizi che sono stati erroneamente sospesi per un controllo contabile. Grazie.",Amministrazione,Bassa
TKT-0081,Maurizio Marini,maurizio.marini@email.it,Proposta partnership estero,"Salve, abbiamo ricevuto una proposta di partnership commerciale per il mercato estero e vorremmo valutare l'opzione multilicenza per i nostri partner commerciali. Potete inviarci il listino prezzi?",Commerciale,Bassa
TKT-0082,Gianfranco Villa,gianfranco.villa@email.it,Errore 500 costante nell'app,Urgente: l'applicazione va in crash continuo restituendo un errore 500 sistematico a tutti gli utenti che cercano di caricare la dashboard dopo il deploy di stamattina. È un bug bloccante.,Tecnico,Alta
TKT-0083,Luciana Barbieri,luciana.barbieri@email.it,Ricevere approvazione nota spese,"Buongiorno, restiamo in attesa di ricevere l'approvazione formale del giustificativo di spesa per procedere al pagamento della nota spese del mese scorso. Mandatemi una notifica appena fatto.",Amministrazione,Bassa
TKT-0084,Alessia Costa,alessia.costa@email.it,Negoziare listino prezzi contratti,"Gentile ufficio vendite, vorremmo negoziare il listino prezzi delle licenze per l'apertura della nostra nuova filiale a Milano. È possibile applicare uno sconto commerciale sul piano di abbonamento?",Commerciale,Bassa
TKT-0085,Pasquale Gallo,pasquale.gallo@email.it,Bug bloccante durante login,SOS: Rilevato un bug bloccante critico che impedisce agli utenti desktop di effettuare il login sul server di produzione. I log di sistema mostrano un leak di memoria improvviso. Aiuto!,Tecnico,Alta
TKT-0086,Giovanna Rizzo,giovanna.rizzo@email.it,Assistere contabilizzazione fatture,"Salve, serve un operatore per assistere alla rettifica dei conti mensili e contabilizzare alcune fatture del servizio cloud registrate con un importo errato nell'estratto conto. Saluti.",Amministrazione,Bassa
TKT-0087,Ettore Fontana,ettore.fontana@email.it,Valutare preventivo annuale,"Buongiorno, dobbiamo valutare un preventivo personalizzato per il pacchetto Enterprise con fatturazione annuale anticipata. Potete inviarci le condizioni contrattuali complete via email?",Commerciale,Bassa
TKT-0088,Dario Moretti,dario.moretti@email.it,Database lento in fase caricamento,"Ciao Supporto, il caricamento dei dati è bloccato a causa del database lento sulla macchina di staging. Sospettiamo che l'ultimo aggiornamento abbia compromesso i permessi di accesso alle tabelle.",Tecnico,Media
TKT-0089,Caterina Colombo,caterina.colombo@email.it,Sospendere pagamento fatture,URGENTE: Chiediamo di sospendere temporaneamente il pagamento della fattura cloud numero 89 in quanto presenta un importo errato dovuto a una duplicazione interna dei servizi. Rettificare prima possibile.,Amministrazione,Alta
TKT-0090,Angelo Ricci,angelo.ricci@email.it,Sbloccare nuove licenze acquistate,"Ciao Team, potete sbloccare la licenza aggiuntiva richiesta ieri dal nostro reparto vendite? Abbiamo già provveduto a inviare la distinta di bonifico all'amministrazione. Grazie.",Commerciale,Media
TKT-0091,Rosa Caruso,rosa.caruso@email.it,Monitorare picco traffico anomalo,Segnalazione tecnica: dobbiamo monitorare il traffico di rete per isolare un leak di memoria sulla macchina di produzione che sta rendendo il database lento negli ultimi trenta minuti.,Tecnico,Media
TKT-0092,Salvatore Marino,salvatore.marino@email.it,Nota di credito non pervenuta,"Buongiorno, la nota di credito relativa allo storno concordato per la fattura del mese scorso non è ancora pervenuta al nostro commercialista. Potete verificare lo stato della trasmissione?",Amministrazione,Bassa
TKT-0093,Gisella Pellegrini,gisella.pellegrini@email.it,Attivare account demo lead,"Salve, ho bisogno di attivare un account demo per un nuovo lead commerciale con cui siamo in trattativa per la proposta di partnership. Potete girarmi le credenziali provvisorie?",Commerciale,Bassa
TKT-0094,Ugo de Rosa,ugo.derosa@email.it,Crash dell'app dopo aggiornamento,Urgente: l'applicazione mobile va in crash continuo subito dopo l'ultimo aggiornamento rilasciato stamattina. Il problema impatta tutti gli utenti iOS in fase di login. Bug bloccante.,Tecnico,Alta
TKT-0095,Liliana Ferri,liliana.ferri@email.it,Giustificativo di spesa errato,"Gentile assistenza contabile, il totale calcolato sul giustificativo di spesa caricato nella nota spese risulta errato rispetto alla distinta originale. Come posso rettificare il dato?",Amministrazione,Media
TKT-0096,Vittorio Gatti,vittorio.gatti@email.it,Rinnovare abbonamento scadenza,"Buongiorno, dobbiamo rinnovare il piano di abbonamento valido solo fino a fine mese per evitare l'interruzione delle licenze commerciali della nostra filiale. Inviatemi il preventivo.",Commerciale,Bassa
TKT-0097,Nadia Amato,nadia.amato@email.it,Certificato SSL scaduto errore,Blocco totale: i clienti visualizzano un errore di sicurezza bloccante all'accesso del sito perché il certificato SSL è scaduto. Bisogna ripristinare e configurare il server immediatamente.,Tecnico,Alta
TKT-0098,Luigi d'Angelo,luigi.dangelo@email.it,Inviare distinta di bonifico,"Salve, ho provveduto a inviare la distinta di bonifico da inoltrare al commercialista per registrare il pagamento corretto della nota spese del trimestre in corso. Resto in attesa dell'approvazione.",Amministrazione,Bassa
TKT-0099,Ornella Sala,ornella.sala@email.it,Richiesta sconto commerciale contratti,"Ciao, potete applicare lo sconto commerciale concordato sul preventivo per il pacchetto Enterprise che ci avete inviato in vista della scadenza delle attuali condizioni contrattuali? Grazie.",Commerciale,Bassa
TKT-0100,Pino Grasso,pino.grasso@email.it,Ripristinare backup notturno staging,"Ciao, serve ripristinare il backup notturno sull'ambiente di staging per sovrascrivere un errore di configurazione dei permessi di accesso che sta bloccando i test degli utenti.",Tecnico,Media
TKT-0101,Rita Palumbo,rita.palumbo@email.it,Fattura duplicazione interna errore,"Buongiorno, abbiamo riscontrato che è stata emessa due volte la stessa fattura cloud per un errore di duplicazione interna nell'estratto conto. Chiediamo lo storno del documento errato.",Amministrazione,Media
TKT-0102,Arturo Ferraro,arturo.ferraro@email.it,Proposta partnership contrattuale,"Salve, vi ho inviato la nostra proposta di partnership commerciale con opzione multilicenza per il mercato estero. Potete farla valutare al vostro responsabile commerciale? Cordiali saluti.",Commerciale,Bassa
TKT-0103,Enzo Ferrara,enzo.ferrara@email.it,Isolare leak memoria server,SOS: Dobbiamo isolare la macchina di produzione a causa di un leak di memoria bloccante rilevato subito dopo il deploy di stamattina. Il database lento sta mandando l'app in crash.,Tecnico,Alta
TKT-0104,Clara Santoro,clara.santoro@email.it,Sollecito pagamento estratto conto,"AVVISO: Manca il pagamento della fattura scaduta la scorsa settimana, invio un sollecito di pagamento urgente prima di dover sospendere l'accesso ai servizi cloud aziendali.",Amministrazione,Alta
TKT-0105,Gino Lorusso,gino.lorusso@email.it,Disdire piano abbonamento Enterprise,"Buongiorno, a causa del mancato rispetto delle condizioni contrattuali pattuite richiediamo di disdire il contratto per il pacchetto Enterprise senza alcuna penale di recesso anticipato.",Commerciale,Media
TKT-0106,Amedeo Costantini,amedeo.costantini@email.it,Configurare permessi accesso cartelle,"Ciao, dobbiamo configurare i permessi di accesso alle nuove cartelle del server per il team tecnico inserito nella nuova filiale. Non è urgente, procedete appena possibile.",Tecnico,Bassa
TKT-0107,Loredana Riva,loredana.riva@email.it,Rettificare nota spese rifiutata,"Salve, il sistema mi ha notificato che devo rettificare la nota spese del mese scorso perché manca la firma digitale sul giustificativo di spesa delle trasferte. Potete sbloccarla?",Amministrazione,Media
TKT-0108,Massimiliano Gentile,massimiliano.gentile@email.it,Valutare condizioni contrattuali nuove,"Buongiorno, dobbiamo valutare le nuove condizioni contrattuali proposte per il piano di abbonamento con fatturazione annuale anticipata. Potete inviarci il listino prezzi aggiornato?",Commerciale,Bassa
TKT-0109,Daniele Vitali,daniele.vitali@email.it,Ottimizzare database lento produzione,Segnalazione: il sistema aziendale è quasi inutilizzabile a causa del database lento in produzione. Si verificano errori 500 intermittenti durante il login degli utenti da desktop.,Tecnico,Media
TKT-0110,Sonia Leone,sonia.leone@email.it,Stornare importo errato fattura,"Gentile assistenza, chiedo di stornare la nota spese inserita a sistema con importo errato per un refuso nella distinta di bonifico. Provvederò a inviare il documento fiscale corretto.",Amministrazione,Media
TKT-0111,Giancarlo Belmonte,giancarlo.belmonte@email.it,Richiesta preventivo multilicenza,"Salve, un nostro potenziale cliente richiede un preventivo personalizzato con opzione multilicenza valido fino a fine mese. Potete generare la proposta commerciale oggi stesso?",Commerciale,Bassa
TKT-0112,Graziella Piras,graziella.piras@email.it,Aggiornare certificato SSL scaduto,"Urgente: è necessario aggiornare il certificato SSL scaduto sulla macchina di produzione, altrimenti l'applicazione web rimarrà offline per tutti gli utenti esterni. Intervenite subito.",Tecnico,Alta
TKT-0113,Emanuele Romano,emanuele.romano@email.it,Archiviare estratto conto trimestre,"Buongiorno, procedo ad archiviare l'estratto conto relativo al trimestre in corso dopo aver ricevuto l'approvazione finale da parte del commercialista aziendale. Pratica conclusa.",Amministrazione,Bassa
TKT-0114,Patrizia Longo,patrizia.longo@email.it,Sbloccare i dati del lead,"Ciao, potete sbloccare i dati del nuovo lead nel sistema commerciale per permetterci di inviare la proposta contrattuale prima della scadenza dell'offerta a fine mese? Grazie.",Commerciale,Media
TKT-0115,Raffaele Galli,raffaele.galli@email.it,Errore 500 in ambiente staging,Segnalazione errore: si riscontra un errore 500 costante nell'ambiente di staging durante la fase di caricamento dei file di configurazione. Potete verificare i log del database?,Tecnico,Alta
TKT-0116,Mirko d'Amico,mirko.damico@email.it,Ricevere distinta di bonifico,"Salve, dobbiamo ricevere la distinta di bonifico dal cliente per poter contabilizzare il pagamento della fattura cloud arretrata ed evitare di sospendere l'account. Contattateli.",Amministrazione,Bassa
TKT-0117,Assunta Marchetti,assunta.marchetti@email.it,Listino prezzi mercato estero,"Buongiorno, chiedo l'invio del listino prezzi aggiornato valido per il mercato estero, in quanto dobbiamo formulare un preventivo per una proposta di partnership contrattuale.",Commerciale,Bassa
TKT-0118,Valerio De Angelis,valerio.deangelis@email.it,Bug bloccante dopo deploy,SOS: Rilevato un bug bloccante gravissimo subito dopo il deploy di stamattina. L'applicazione va in crash continuo e restituisce un errore 500 a chiunque tenti il login.,Tecnico,Alta
TKT-0119,Giusy Pellegrini,giusy.pellegrini@email.it,Contabilizzare nota di credito,"Gentile amministrazione, dobbiamo contabilizzare la nota di credito inviata dal commercialista per correggere lo storno relativo all'estratto conto del mese scorso. Grazie.",Amministrazione,Bassa
TKT-0120,Flavio Moretti,flavio.moretti@email.it,Modifica licenza aggiuntiva contratto,"Salve, si rende necessario modificare il numero di licenze attive sul nostro piano di abbonamento in vista della scadenza contrattuale. Potete aggiornare le condizioni contrattuali?",Commerciale,Bassa
TKT-0121,Igor Colombo,igor.colombo@email.it,Monitorare server offline allarmi,Allarme critico: i sistemi di monitoraggio automatico segnalano che il server di produzione è offline. Gli utenti riscontrano errore di rete. Bisogna isolare il guasto immediatamente.,Tecnico,Alta
TKT-0122,Adelaide Ricci,adelaide.ricci@email.it,Sospendere estratto conto errato,"Buongiorno, chiedo di sospendere temporaneamente la pratica per l'estratto conto errato del mese scorso in attesa che il commercialista completi la verifica della nota spese.",Amministrazione,Alta
TKT-0123,Orazio Caruso,orazio.caruso@email.it,Rinnovare condizioni contrattuali scadenza,"Gentile ufficio commerciale, dobbiamo rinnovare l'accordo in vista della scadenza del piano a fine mese. Vorremmo mantenere lo sconto commerciale negoziato l'anno scorso.",Commerciale,Bassa
TKT-0124,Tiziana Marino,tiziana.marino@email.it,Crash dell'app da mobile,Segnalazione bug: riscontrato crash dell'app continuo durante la fase di login esclusivamente da dispositivi mobile. Gli utenti desktop non riscontrano l'errore 500. Verificare log.,Tecnico,Alta
TKT-0125,Walter Ferri,walter.ferri@email.it,Approvazione rimborso note spese,"Salve, si richiede l'approvazione formale per il rimborso delle note spese dei dipendenti relative al trimestre in corso. Tutte le distinte di bonifico e i giustificativi sono allegati.",Amministrazione,Bassa
TKT-0126,Sabrina Gatti,sabrina.gatti@email.it,Proposta partnership pacchetto Enterprise,"Buongiorno, stiamo valutando una proposta di partnership commerciale per integrare il pacchetto Enterprise nella nostra filiale estera. Potete inviarci un preventivo aggiornato?",Commerciale,Bassa
TKT-0127,Ezio Amato,ezio.amato@email.it,Picco traffico anomalo database,Urgente: il database di produzione è completamente bloccato a causa di un picco di traffico anomalo. L'applicazione risulta lenta e genera errori di connessione per tutti gli utenti.,Tecnico,Alta
TKT-0128,Milena d'Angelo,milena.dangelo@email.it,Giustificativo di spesa mancante,"Salve, la nota spese del mese scorso risulta respinta dall'amministrazione perché il giustificativo di spesa è mancante della firma digitale del dipendente. Procedo alla rettifica.",Amministrazione,Media
TKT-0129,Corrado Sala,corrado.sala@email.it,Attivare codice sconto commerciale,"Ciao, potete attivare lo sconto commerciale concordato sul nostro account per l'acquisto di una licenza aggiuntiva destinata al nuovo lead della filiale di Milano? Grazie.",Commerciale,Bassa
TKT-0130,Barbara Grasso,barbara.grasso@email.it,Leak memoria durante login,Rilevato leak di memoria sistematico sulla macchina di produzione in fase di caricamento dei dati utente. Il sistema rallenta vistosamente fino ad andare in crash. Errore bloccante.,Tecnico,Alta
TKT-0131,Gino Palumbo,gino.palumbo@email.it,Fattura non ancora pervenuta,"Buongiorno, sollecito l'invio della fattura elettronica per il servizio cloud che non risulta ancora pervenuta nel nostro estratto conto. Abbiamo la necessità di contabilizzare il costo.",Amministrazione,Media
TKT-0132,Daniela Ferraro,daniela.ferraro@email.it,Richiesta preventivo account demo,"Salve, un nostro potenziale cliente richiede un preventivo ufficiale dopo aver testato le funzionalità dell'account demo. Potete formulare la proposta commerciale per il piano Enterprise?",Commerciale,Bassa
TKT-0133,Lucio Ferrara,lucio.ferrara@email.it,Testare permessi di accesso nuovi,"Ciao Team, dobbiamo testare i nuovi permessi di accesso configurati ieri sull'ambiente di staging per accertarci che gli utenti esterni non vedano i log di monitoraggio del database.",Tecnico,Bassa
TKT-0134,Elena Santoro,elena.santoro@email.it,Sollecito pagamento bonifico scaduto,AVVISO: Inviato un sollecito di pagamento per la fattura scaduta del servizio cloud. Se non riceviamo la distinta di bonifico entro oggi saremo costretti a sospendere l'account.,Amministrazione,Alta
TKT-0135,Filippo Lorusso,filippo.lorusso@email.it,Disdire licenze aggiuntive abbonamento,"Gentili colleghi, chiediamo di disdire le licenze aggiuntive non utilizzate dalla nostra filiale prima della scadenza del mese. Verificate se sono previste penali di recesso.",Commerciale,Media
TKT-0136,Gemma Costantini,gemma.costantini@email.it,Backup notturno spazio esaurito,Segnalazione errore: il backup notturno automatico sulla macchina di produzione ha generato un errore di scrittura per mancanza di spazio sul disco fisso. È necessario liberare memoria.,Tecnico,Media
TKT-0137,Sandro Riva,sandro.riva@email.it,Contabilizzare storno nota credito,"Buongiorno, è necessario contabilizzare lo storno della nota di credito emessa erroneamente per duplicazione interna il mese scorso. Il commercialista attende il documento rettificato.",Amministrazione,Bassa
TKT-0138,Irene Gentile,irene.gentile@email.it,Penale recesso contratto annuale,"Ciao, ci sono penali di recesso anticipato se decidiamo di modificare l'attuale piano di abbonamento Enterprise per passare a un pacchetto con meno licenze attive? Rispondere via mail.",Commerciale,Media
TKT-0139,Nicoletta Vitali,nicoletta.vitali@email.it,Riavviare database lento produzione,Urgente: è assolutamente necessario riavviare il database lento che sta bloccando le operazioni di login sulla macchina di produzione. L'applicazione genera costantemente errore 500.,Tecnico,Alta
TKT-0140,Paolo Leone,paolo.leone@email.it,Inviare giustificativo di spesa,"Salve, ho provveduto a inviare il giustificativo di spesa mancante relativo alla nota spese del mese scorso da inoltrare al commercialista per l'approvazione finale. Saluti.",Amministrazione,Bassa
TKT-0141,Marta Belmonte,marta.belmonte@email.it,Dati nuovo lead commerciali,"Buongiorno, abbiamo ottenuto i dati del nuovo lead per il mercato estero. Potete inserire l'anagrafica nel sistema per procedere con la proposta di partnership commerciale? Grazie.",Commerciale,Bassa
TKT-0142,Luigi Piras,luigi.piras@email.it,Errore 500 sulla macchina,"SOS: Rilevato errore 500 critico sulla macchina di produzione subito dopo il deploy di stamattina. Il server è offline per la metà degli utenti, la situazione è totalmente bloccante.",Tecnico,Alta
TKT-0143,Anna Romano,anna.romano@email.it,Rettificare rimborso nota spese,"Gentile amministrazione, dobbiamo rettificare l'importo del rimborso approvato per la nota spese del trimestre in corso, in quanto la distinta di bonifico indica una cifra errata.",Amministrazione,Media
TKT-0144,Pietro Longo,pietro.longo@email.it,Sblocco condizioni contrattuali bloccate,"Salve, il reparto commerciale richiede lo sblocco immediato delle condizioni contrattuali per il pacchetto Enterprise legato a un potenziale cliente strategico. Potete verificare?",Commerciale,Media
TKT-0145,Roberto Galli,roberto.galli@email.it,Certificato SSL scaduto ripristino,"Blocco di sicurezza: dobbiamo ripristinare con urgenza il server aziendale, il certificato SSL è scaduto oggi e impedisce l'accesso sicuro a tutti i clienti esterni. Errore bloccante.",Tecnico,Alta
TKT-0146,Lucia d'Amico,lucia.damico@email.it,Distinta bonifico non pervenuta,"Buongiorno, il pagamento risulta sospeso nei nostri sistemi perché la distinta di bonifico bancario non è ancora pervenuta all'ufficio contabilità. Inviare il file per rettificare.",Amministrazione,Media
TKT-0147,Giacomo Marchetti,giacomo.marchetti@email.it,Listino prezzi opzione multilicenza,"Gentile ufficio vendite, chiedo il listino prezzi aggiornato con opzione multilicenza per formulare un preventivo valido fino a fine mese per un nostro potenziale partner estero.",Commerciale,Bassa
TKT-0148,Enrico De Angelis,enrico.deangelis@email.it,Bug bloccante nell'ambiente staging,"Ciao Supporto, rilevato un bug bloccante nell'ambiente di staging che impedisce la configurazione dei permessi di accesso per i nuovi moduli software. Potete monitorare i log?",Tecnico,Alta
TKT-0149,Francesca Pellegrini,francesca.pellegrini@email.it,Ricevere nota di credito storno,"Salve, siamo in attesa di ricevere la nota di credito per lo storno dell'importo errato fatturato il mese scorso per il servizio cloud. Quando verrà inviata al nostro commercialista?",Amministrazione,Bassa
TKT-0150,Alberto Moretti,alberto.moretti@email.it,Valutare proposta partnership commerciale,"Buongiorno, dobbiamo valutare una proposta di partnership commerciale ricevuta da un lead estero per l'apertura di una nuova filiale. Potete verificare i dati finanziari?",Commerciale,Bassa
TKT-0151,Massimo Colombo,massimo.colombo@email.it,Crash app mobile desktop,Urgente: viene segnalato un crash dell'app sia da mobile che da desktop ogni volta che l'utente effettua il login subito dopo il deploy di stamattina. Errore bloccante critico.,Tecnico,Alta
TKT-0152,Marta Ricci,marta.ricci@email.it,Approvare note spese dipendenti,"Gentile responsabile, si prega di approvare la nota spese del mese scorso dei dipendenti per permettere all'amministrazione di contabilizzare i rimborsi nell'estratto conto.",Amministrazione,Bassa
TKT-0153,Giovanni Caruso,giovanni.caruso@email.it,Richiesta preventivo pacchetto Enterprise,"Salve, un potenziale cliente richiede con urgenza il preventivo per il pacchetto Enterprise con opzione multilicenza. Potete preparare la proposta commerciale entro oggi?",Commerciale,Bassa
TKT-0154,Paolo Marino,paolo.marino@email.it,Database lento in produzione oggi,Segnalazione: riscontriamo il database lento sulla macchina di produzione da circa due ore. Questo rallentamento impatta la fase di caricamento delle pagine web per tutti gli utenti.,Tecnico,Media
TKT-0155,Stefania Ferri,stefania.ferri@email.it,Archiviare fatture servizio cloud,"Buongiorno, ho terminato di archiviare digitalmente le fatture per il servizio cloud relative al trimestre in corso. Tutte le distinte presentano la firma digitale corretta. Saluti.",Amministrazione,Bassa
TKT-0156,Claudio Gatti,claudio.gatti@email.it,Sconto commerciale rinnovo contratti,"Ciao, è possibile richiedere uno sconto commerciale o una rinegoziazione del listino prezzi in vista della imminente scadenza delle attuali condizioni contrattuali del pacchetto? Grazie.",Commerciale,Bassa
TKT-0157,Daniele Amato,daniele.amato@email.it,Isolare leak memoria produzione,Urgente: è assolutamente necessario isolare il server numero 4 per un leak di memoria bloccante che sta saturando le risorse hardware e mandando il database in timeout continuo.,Tecnico,Alta
TKT-0158,Silvia d'Angelo,silvia.dangelo@email.it,Sollecito di pagamento fattura scaduta,"Spettabile assistenza, ho ricevuto un sollecito di pagamento per una fattura scaduta che però presenta un importo errato a causa di una duplicazione interna dei servizi. Sospendere la pratica.",Amministrazione,Alta
TKT-0159,Fabio Sala,fabio.sala@email.it,Attivare account demo commerciali,"Salve, potete attivare un account demo per un potenziale cliente estero interessato a valutare il nostro piano di abbonamento commerciale prima della stipula del contratto? Saluti.",Commerciale,Bassa
TKT-0160,Antonia Grasso,antonia.grasso@email.it,Server offline errore bloccante,"SOS: I sistemi automatici indicano che il server principale è offline. Gli utenti riscontrano errore 500 al login, la situazione blocca interamente le attività aziendali. Intervenire!",Tecnico,Alta
TKT-0161,Luisa Palumbo,luisa.palumbo@email.it,Stornare distinta bonifico duplicata,"Buongiorno, dobbiamo stornare la distinta di bonifico inserita due volte nell'estratto conto per un errore di duplicazione interna. Potete assistere la contabilità nella rettifica?",Amministrazione,Media
TKT-0162,Andrea Ferraro,andrea.ferraro@email.it,Modifica piano abbonamento licenze,"Salve, chiediamo di modificare il piano di abbonamento corrente inserendo una licenza aggiuntiva per il nuovo lead commerciale gestito dalla filiale di Milano. Inviatemi i costi.",Commerciale,Bassa
TKT-0163,Giorgia Ferrara,giorgia.ferrara@email.it,Permessi accesso configurazione errati,"Ciao, i permessi di accesso attuali configurati sulla macchina di produzione generano un errore bloccante che impedisce agli amministratori di monitorare il backup notturno.",Tecnico,Alta
TKT-0164,Michele Santoro,michele.santoro@email.it,Mancante firma digitale contratti,"Gentile contabilità, la fattura della nota spese inviata dal commercialista risulta mancante della firma digitale prescritta dalla legge. Chiedo di inviare il file corretto e rettificato.",Amministrazione,Media
TKT-0165,Roberta Lorusso,roberta.lorusso@email.it,Disdire condizioni contrattuali proroga,"Buongiorno, intendiamo disdire il contratto di licenza prima del rinnovo automatico previsto a fine mese. Vorremmo sapere se ci sono penali di recesso anticipato da corrispondere.",Commerciale,Media
TKT-0166,Vito Costantini,vito.costantini@email.it,Picco traffico anomalo rete,Segnalazione: rilevato un picco di traffico anomalo durante la fase di login sulla macchina di produzione. Il database lento sta generando errori di timeout a catena. Monitorare i log.,Tecnico,Alta
TKT-0167,Paola Riva,paola.riva@email.it,Contabilizzare rimborso estratto conto,"Salve, dobbiamo contabilizzare il rimborso relativo al trimestre in corso nell'estratto conto aziendale. Il giustificativo di spesa è già stato approvato dal responsabile. Saluti.",Amministrazione,Bassa
TKT-0168,Carlo Gentile,carlo.gentile@email.it,Richiesta preventivo nuova filiale,"Buongiorno, serve un preventivo ufficiale con fatturazione annuale anticipata e sconto commerciale applicato per la fornitura di servizi alla nostra nuova filiale. Scadenza offerta a fine mese.",Commerciale,Bassa
TKT-0169,Giuseppe Vitali,giuseppe.vitali@email.it,Testare backup notturno ripristino,"Ciao, dobbiamo testare il ripristino dei dati dall'ambiente di staging per verificare l'integrità del backup notturno dell'applicazione. Fornire i permessi di accesso temporanei.",Tecnico,Bassa
TKT-0170,Simonetta Leone,simonetta.leone@email.it,Inviare nota credito corretta,"Gentile amministrazione, vi chiedo di inviare la nota di credito corretta per rettificare l'errore sull'estratto conto del mese scorso causato da una doppia contabilizzazione della nota spese.",Amministrazione,Media
TKT-0171,Federico Belmonte,federico.belmonte@email.it,Negoziare condizioni contrattuali lead,"Salve, siamo in fase di negoziare il listino prezzi e le licenze per un nuovo lead interessato a una proposta di partnership commerciale per il mercato estero. Potete supportarci?",Commerciale,Bassa
TKT-0172,Renato Piras,renato.piras@email.it,Riavviare macchina errore 500,Urgente: è necessario riavviare la macchina di produzione a causa di un errore 500 costante generato subito dopo il deploy di stamattina. Il bug bloccante impedisce l'operatività del sito.,Tecnico,Alta
TKT-0173,Teresa Romano,teresa.romano@email.it,Giustificativo spesa non pervenuto,"Buongiorno, il giustificativo di spesa del mese scorso inviato dal dipendente non è ancora pervenuto nei nostri sistemi. Chiedo di verificare lo stato dell'approvazione contabile.",Amministrazione,Media
TKT-0174,Maurizio Longo,maurizio.longo@email.it,Penale recesso anticipato pacchetto,"Ciao, vorrei verificare la clausola relativa alla penale di recesso anticipato prevista per il pacchetto Enterprise qualora decidessimo di disdire l'abbonamento prima di fine anno.",Commerciale,Media
TKT-0175,Gianfranco Galli,gianfranco.galli@email.it,Bug bloccante nel database,SOS: Rilevato un bug bloccante critico nel database durante il caricamento dei dati di configurazione degli utenti. L'applicazione va in crash continuo e restituisce errore 500.,Tecnico,Alta
TKT-0176,Luciana d'Amico,luciana.damico@email.it,Sospendere estratto conto pendenze,"Spettabile ufficio contabilità, si richiede di sospendere temporaneamente il sollecito di pagamento ricevuto in quanto l'importo della fattura risulta errato per un controllo interno.",Amministrazione,Alta
TKT-0177,Alessia Marchetti,alessia.marchetti@email.it,Proposta partnership listino prezzi,"Buongiorno, vi ho inviato il listino prezzi aggiornato valido solo fino a fine mese per valutare la nostra proposta di partnership commerciale e l'opzione multilicenza per la nuova filiale.",Commerciale,Bassa
TKT-0178,Pasquale De Angelis,pasquale.deangelis@email.it,Ottimizzare database lento login,"Ciao, il database lento impedisce il login regolare sia da mobile che da desktop sulla macchina di produzione subito dopo il deploy. È necessaria un'ottimizzazione urgente delle tabelle.",Tecnico,Media
TKT-0179,Giovanna Pellegrini,giovanna.pellegrini@email.it,Assistere approvazione conti commercialista,"Salve, chiedo assistenza per preparare tutti i documenti e i giustificativi di spesa da inoltrare al commercialista per la chiusura contabile dell'estratto conto del trimestre in corso.",Amministrazione,Bassa
TKT-0180,Ettore Moretti,ettore.moretti@email.it,Sbloccare account demo potenziale,"Ciao, chiedo lo sblocco immediato delle funzionalità avanzate sull'account demo di un nostro potenziale cliente Enterprise per permettergli di valutare le condizioni contrattuali definitive.",Commerciale,Media
TKT-0181,Dario Colombo,dario.colombo@email.it,Certificato SSL scaduto blocco,"Urgente: il certificato SSL è scaduto sulla macchina di produzione e il browser blocca l'accesso a tutti i clienti esterni. Errore bloccante, procedere alla configurazione immediata.",Tecnico,Alta
TKT-0182,Caterina Ricci,caterina.ricci@email.it,Rimborso fattura duplicata errore,"Buongiorno, richiedo il rimborso della fattura cloud numero 12 emessa con un importo errato per un errore di duplicazione interna dei servizi. Potete inviarmi la nota di credito?",Amministrazione,Media
TKT-0183,Angelo Caruso,angelo.caruso@email.it,Estendere licenza aggiuntiva abbonamento,"Salve, richiediamo di estendere la validità delle licenze aggiuntive acquistate per la nostra filiale estera alle stesse condizioni contrattuali concordate nel preventivo annuale.",Commerciale,Bassa
TKT-0184,Rosa Marino,rosa.marino@email.it,Crash app subito dopo deploy,Blocco totale: rilevato un crash dell'app mobile subito dopo il deploy di stamattina. Tutti gli utenti visualizzano un errore 500 fisso in fase di login. Sospettiamo un bug bloccante.,Tecnico,Alta
TKT-0185,Salvatore Ferri,salvatore.ferri@email.it,Verificare distinta bonifico contabilità,"Gentile amministrazione, dobbiamo verificare la distinta di bonifico per il servizio cloud per assicurarci che l'estratto conto quadri con i giustificativi inviati al commercialista. Saluti.",Amministrazione,Bassa
TKT-0186,Gisella Gatti,gisella.gatti@email.it,Richiesta preventivo mercato estero,"Buongiorno, serve un preventivo urgente per il mercato estero prima della scadenza delle attuali condizioni contrattuali. Potete applicare lo sconto commerciale sul piano Enterprise?",Commerciale,Bassa
TKT-0187,Ugo Amato,ugo.amato@email.it,Leak memoria ambiente staging,Segnalazione tecnica: il server di staging risulta quasi bloccato a causa di un vistoso leak di memoria. Il database lento impedisce il caricamento delle tabelle di test. Verificare.,Tecnico,Alta
TKT-0188,Liliana d'Angelo,liliana.dangelo@email.it,Ricevere nota spese approvata,"Salve, sono in attesa di ricevere la nota spese approvata dal responsabile con la firma digitale allegata per poter emettere la distinta di bonifico del rimborso dipendenti. Grazie.",Amministrazione,Bassa
TKT-0189,Vittorio Sala,vittorio.sala@email.it,Sconto commerciale pacchetto Enterprise,"Gentile reparto vendite, chiediamo lo sconto commerciale concordato in fase di proposta di partnership per l'apertura della nuova filiale. Potete inviarci il listino prezzi modificato?",Commerciale,Bassa
TKT-0190,Nadia Grasso,nadia.grasso@email.it,Monitorare picco traffico rete,"Ciao, i sistemi di allarme indicano la necessità di monitorare il traffico di rete sulla macchina di produzione a causa di richieste anomale che stanno rendendo il database lento. Saluti.",Tecnico,Bassa
TKT-0191,Luigi Palumbo,luigi.palumbo@email.it,Archiviare nota credito rimborso,"Buongiorno, provvedo ad archiviare la nota di credito ricevuta per sanare il rimborso registrato due volte per un errore di duplicazione interna nell'estratto conto fiscale. Pratica chiusa.",Amministrazione,Bassa
TKT-0192,Ornella Ferraro,ornella.ferraro@email.it,Attivare piano abbonamento multilicenza,"Salve Supporto, abbiamo sbloccato il piano di abbonamento con opzione multilicenza per il nostro nuovo lead. Potete confermarci l'attivazione immediata delle credenziali aziendali?",Commerciale,Bassa
TKT-0193,Pino Ferrara,pino.ferrara@email.it,Errore 500 in fase caricamento,SOS: Si riscontra un errore 500 bloccante sul server di produzione che manda l'app in crash durante il caricamento dei dati sensibili degli utenti. È necessario isolare il problema subito.,Tecnico,Alta
TKT-0194,Rita Santoro,rita.santoro@email.it,Rettificare totale fattura errata,"Buongiorno, dobbiamo rettificare la fattura del mese scorso perché contiene un errore nel calcolo degli sconti. Il commercialista attende la nota di credito di storno parziale.",Amministrazione,Media
TKT-0195,Arturo Lorusso,arturo.lorusso@email.it,Dati nuovo lead da sbloccare,"Ciao, è necessario sbloccare i dati del nuovo lead commerciale per permetterci di estendere la nostra proposta di partnership contrattuale prima che scada l'offerta a fine mese.",Commerciale,Media
TKT-0196,Enzo Costantini,enzo.costantini@email.it,Configurare permessi accesso db,Segnalazione: dobbiamo configurare nuovamente i permessi di accesso al database di staging poiché l'ultimo aggiornamento ha inibito il login di test per gli utenti esterni. Grazie.,Tecnico,Media
TKT-0197,Clara Riva,clara.riva@email.it,Sollecito pagamento distinta bonifico,AVVISO AMMINISTRATIVO: Inviato sollecito di pagamento ufficiale per una nota spese non pervenuta nei termini stabiliti. Si prega di trasmettere la distinta di bonifico per sbloccare l'estratto conto.,Amministrazione,Alta
TKT-0198,Gino Gentile,gino.gentile@email.it,Modificare condizioni contrattuali canone,"Gentile ufficio commerciale, chiediamo di modificare le condizioni contrattuali relative al canone del piano Enterprise per includere alcune licenze aggiuntive richieste dalla nuova filiale.",Commerciale,Bassa
TKT-0199,Amedeo Vitali,amedeo.vitali@email.it,Ripristinare backup notturno produzione,URGENTE: Chiedo di ripristinare il backup notturno sulla macchina di produzione a causa di un bug bloccante emerso dopo il deploy di stamattina che sta mandando in crash l'applicazione.,Tecnico,Alta
TKT-0200,Loredana Leone,loredana.leone@email.it,Stornare fattura servizio cloud,"Buongiorno, dobbiamo stornare l'importo errato relativo alla fattura cloud del mese scorso emessa per duplicazione interna dei servizi. Restiamo in attesa della nota di credito corretta.",Amministrazione,Media